"Symbol","Series","Date","Prev Close","Open Price","High Price","Low Price","Last Price","Close Price","Average Price","Total Traded Quantity","Turnover","No. of Trades","Deliverable Qty","% Dly Qt to Traded Qty"
"TATAMOTORS","EQ","06-Apr-2015","        564.90","        563.90","        573.50","        555.35","        566.50","        568.15","        569.34","    5728358","          3261384896.30","     102382","    3384350","         59.08"
"TATAMOTORS","EQ","07-Apr-2015","        568.15","        569.05","        570.70","        554.05","        561.00","        560.35","        560.60","    3201751","          1794911677.45","      61991","    1682094","         52.54"
"TATAMOTORS","EQ","08-Apr-2015","        560.35","        565.00","        569.60","        559.20","        563.00","        561.50","        564.54","    3774897","          2131064907.85","      77756","    2105004","         55.76"
"TATAMOTORS","EQ","09-Apr-2015","        561.50","        562.80","        564.85","        552.25","        560.00","        559.90","        557.80","    3043135","          1697464027.40","      54869","    1388363","         45.62"
"TATAMOTORS","EQ","10-Apr-2015","        559.90","        558.80","        569.40","        555.55","        561.85","        562.65","        561.79","    2808049","          1577538987.00","      46542","    1150169","         40.96"
"TATAMOTORS","EQ","13-Apr-2015","        562.65","        563.00","        563.90","        552.45","        556.15","        556.25","        555.97","    2889208","          1606307690.00","      87262","    1502212","         51.99"
"TATAMOTORS","EQ","15-Apr-2015","        556.25","        551.25","        551.25","        538.25","        539.95","        540.45","        544.39","    4118983","          2242315883.30","     137919","    2290131","         55.60"
"TATAMOTORS","EQ","16-Apr-2015","        540.45","        543.75","        551.25","        534.20","        538.40","        541.25","        542.92","    4027716","          2186730509.65","      89074","    1970791","         48.93"
"TATAMOTORS","EQ","17-Apr-2015","        541.25","        541.50","        544.80","        534.15","        534.15","        535.35","        539.53","    2728290","          1471986111.65","      73343","    1380458","         50.60"
"TATAMOTORS","EQ","20-Apr-2015","        535.35","        543.15","        543.15","        521.05","        536.10","        533.20","        529.93","    5011252","          2655598349.90","     136271","    2602955","         51.94"
"TATAMOTORS","EQ","21-Apr-2015","        533.20","        531.45","        538.00","        523.50","        527.40","        527.40","        531.50","    3243871","          1724131673.40","      75200","    1744855","         53.79"
"TATAMOTORS","EQ","22-Apr-2015","        527.40","        529.00","        529.70","        510.65","        525.25","        523.50","        520.98","    4311384","          2246157656.25","     109493","    2257726","         52.37"
"TATAMOTORS","EQ","23-Apr-2015","        523.50","        527.80","        527.80","        508.45","        511.75","        512.00","        516.58","    4961920","          2563210830.65","      91064","    2664723","         53.70"
"TATAMOTORS","EQ","24-Apr-2015","        512.00","        515.25","        520.00","        508.60","        517.30","        516.20","        515.74","    4302328","          2218867046.75","      62545","    2298324","         53.42"
"TATAMOTORS","EQ","27-Apr-2015","        516.20","        521.00","        523.00","        513.05","        517.50","        516.85","        519.04","    3082875","          1600129703.60","      65488","    1481071","         48.04"
"TATAMOTORS","EQ","28-Apr-2015","        516.85","        520.50","        533.80","        518.35","        525.90","        529.85","        526.87","    6417077","          3380947599.45","     124545","    3833500","         59.74"
"TATAMOTORS","EQ","29-Apr-2015","        529.85","        526.75","        528.00","        516.80","        521.55","        520.90","        520.99","    3685760","          1920261102.95","      56956","    2103716","         57.08"
"TATAMOTORS","EQ","30-Apr-2015","        520.90","        518.20","        520.80","        506.75","        509.50","        508.25","        512.53","   10009172","          5129978249.20","     103715","    5975537","         59.70"
"TATAMOTORS","EQ","04-May-2015","        508.25","        511.75","        516.00","        497.50","        508.20","        506.45","        504.09","    5849866","          2948886088.25","     113398","    3100471","         53.00"
"TATAMOTORS","EQ","05-May-2015","        506.45","        509.50","        515.70","        506.05","        511.00","        510.45","        511.16","    3398712","          1737299877.35","      52528","    1566873","         46.10"
"TATAMOTORS","EQ","06-May-2015","        510.45","        508.50","        508.50","        495.80","        500.00","        497.85","        500.86","    5925410","          2967793056.75","      80658","    3575825","         60.35"
"TATAMOTORS","EQ","07-May-2015","        497.85","        493.50","        503.00","        482.60","        491.05","        488.10","        494.16","    5504557","          2720108776.15","      70771","    2931057","         53.25"
"TATAMOTORS","EQ","08-May-2015","        488.10","        498.75","        515.90","        497.35","        513.00","        513.70","        510.19","    6229295","          3178146760.95","     101709","    3432059","         55.10"
"TATAMOTORS","EQ","11-May-2015","        513.70","        522.25","        530.95","        517.00","        528.55","        529.70","        525.60","    5520513","          2901558298.25","     143697","    3425687","         62.05"
"TATAMOTORS","EQ","12-May-2015","        529.70","        525.70","        525.70","        511.15","        514.10","        513.55","        515.48","    4569616","          2355527215.25","      81869","    2773263","         60.69"
"TATAMOTORS","EQ","13-May-2015","        513.55","        517.00","        525.55","        506.55","        519.20","        520.45","        517.04","    4442178","          2296798106.50","      87580","    2058405","         46.34"
"TATAMOTORS","EQ","14-May-2015","        520.45","        519.00","        519.00","        510.10","        516.45","        516.60","        513.90","    3587736","          1843747386.75","      91325","    1799392","         50.15"
"TATAMOTORS","EQ","15-May-2015","        516.60","        519.00","        524.50","        517.05","        520.40","        519.90","        520.58","    4038816","          2102540620.80","      76488","    2616501","         64.78"
"TATAMOTORS","EQ","18-May-2015","        519.90","        517.25","        524.40","        510.30","        520.00","        520.70","        516.03","    4363711","          2251813755.20","      74282","    2509455","         57.51"
"TATAMOTORS","EQ","19-May-2015","        520.70","        516.90","        518.75","        508.70","        509.75","        509.80","        513.56","    5500642","          2824919743.25","      93307","    3578617","         65.06"
"TATAMOTORS","EQ","20-May-2015","        509.80","        511.00","        513.85","        503.55","        506.00","        505.25","        507.55","    6385674","          3241077459.15","      96925","    4293884","         67.24"
"TATAMOTORS","EQ","21-May-2015","        505.25","        506.50","        512.50","        505.00","        511.00","        511.20","        510.49","    4708702","          2403747765.30","     140823","    3068481","         65.17"
"TATAMOTORS","EQ","22-May-2015","        511.20","        511.75","        516.95","        510.20","        514.50","        514.65","        514.49","    4744826","          2441162723.05","     127586","    3318364","         69.94"
"TATAMOTORS","EQ","25-May-2015","        514.65","        513.00","        514.00","        503.00","        505.00","        505.30","        508.17","    3080546","          1565433241.70","      38872","    1802933","         58.53"
"TATAMOTORS","EQ","26-May-2015","        505.30","        505.00","        506.00","        493.55","        499.00","        497.60","        497.70","    7389680","          3677877954.50","     113604","    3668382","         49.64"
"TATAMOTORS","EQ","27-May-2015","        497.60","        473.60","        474.95","        463.55","        472.75","        471.75","        470.73","   15936377","          7501675168.15","     182427","    8771140","         55.04"
"TATAMOTORS","EQ","28-May-2015","        471.75","        473.85","        487.45","        472.25","        482.55","        484.35","        482.00","   11792862","          5684107997.30","     153480","    6212942","         52.68"
"TATAMOTORS","EQ","29-May-2015","        484.35","        485.20","        490.25","        479.40","        483.70","        481.65","        484.07","    7892019","          3820267472.55","     109689","    5313102","         67.32"
"TATAMOTORS","EQ","01-Jun-2015","        481.65","        482.90","        482.90","        471.00","        473.00","        472.05","        474.36","    4610219","          2186896287.40","      88453","    2959293","         64.19"
"TATAMOTORS","EQ","02-Jun-2015","        472.05","        473.10","        478.40","        465.00","        465.60","        466.95","        469.97","    6237231","          2931305844.70","      78916","    3224002","         51.69"
"TATAMOTORS","EQ","03-Jun-2015","        466.95","        467.00","        468.75","        434.70","        458.50","        456.85","        451.02","    9702740","          4376084763.35","     137547","    5514510","         56.83"
"TATAMOTORS","EQ","04-Jun-2015","        456.85","        456.85","        458.45","        445.45","        451.70","        451.20","        449.06","    8001049","          3592960240.00","     101730","    5413768","         67.66"
"TATAMOTORS","EQ","05-Jun-2015","        451.20","        445.65","        449.55","        439.50","        442.05","        442.10","        443.35","   11195670","          4963602057.40","     113173","    7612351","         67.99"
"TATAMOTORS","EQ","08-Jun-2015","        442.10","        435.30","        438.00","        429.05","        435.10","        435.60","        433.21","    7072020","          3063675576.75","      87781","    3875051","         54.79"
"TATAMOTORS","EQ","09-Jun-2015","        435.60","        431.30","        443.80","        431.30","        440.40","        440.05","        438.65","    7741629","          3395889411.90","     108554","    5215404","         67.37"
"TATAMOTORS","EQ","10-Jun-2015","        440.05","        439.90","        449.40","        436.00","        445.90","        446.60","        445.39","    9716102","          4327488618.60","     138574","    6545653","         67.37"
"TATAMOTORS","EQ","11-Jun-2015","        446.60","        446.50","        446.80","        428.10","        430.55","        430.20","        434.26","    9668308","          4198584815.65","     109335","    6119015","         63.29"
"TATAMOTORS","EQ","12-Jun-2015","        430.20","        426.55","        429.50","        417.25","        422.95","        421.80","        422.06","   10871836","          4588539522.95","     110127","    7093653","         65.25"
"TATAMOTORS","EQ","15-Jun-2015","        421.80","        426.00","        427.95","        418.10","        425.50","        426.35","        423.79","    7287773","          3088496464.60","      91235","    4092898","         56.16"
"TATAMOTORS","EQ","16-Jun-2015","        426.35","        427.05","        435.80","        421.25","        433.00","        432.80","        426.89","    6192559","          2643530472.35","      62594","    3772136","         60.91"
"TATAMOTORS","EQ","17-Jun-2015","        432.80","        436.00","        437.40","        426.50","        433.55","        433.70","        432.41","    7034146","          3041667176.95","      74938","    4684030","         66.59"
"TATAMOTORS","EQ","18-Jun-2015","        433.70","        434.90","        447.50","        431.40","        443.50","        445.45","        442.67","    8198142","          3629065420.85","     164055","    5003899","         61.04"
"TATAMOTORS","EQ","19-Jun-2015","        445.45","        444.80","        444.80","        431.60","        433.70","        433.05","        436.08","    6891821","          3005380179.70","     154121","    4249206","         61.66"
"TATAMOTORS","EQ","22-Jun-2015","        433.05","        435.00","        444.00","        435.00","        439.25","        440.50","        440.99","    5281379","          2329017520.80","      82457","    3127732","         59.22"
"TATAMOTORS","EQ","23-Jun-2015","        440.50","        441.00","        447.40","        435.00","        436.65","        436.00","        439.82","    5762483","          2534441973.45","      95300","    3251775","         56.43"
"TATAMOTORS","EQ","24-Jun-2015","        436.00","        438.70","        438.70","        428.10","        430.00","        430.60","        433.59","    7081258","          3070386188.15","     112784","    5036222","         71.12"
"TATAMOTORS","EQ","25-Jun-2015","        430.60","        433.00","        436.10","        429.50","        433.55","        432.40","        433.01","    7745469","          3353831984.45","      87972","    5361762","         69.22"
"TATAMOTORS","EQ","26-Jun-2015","        432.40","        435.00","        438.80","        431.20","        437.00","        437.60","        435.34","    5009173","          2180713093.80","      77606","    3025617","         60.40"
"TATAMOTORS","EQ","29-Jun-2015","        437.60","        428.80","        432.50","        418.15","        430.00","        428.25","        426.44","    7143044","          3046111171.55","      81362","    4988804","         69.84"
"TATAMOTORS","EQ","30-Jun-2015","        428.25","        428.00","        436.25","        422.70","        433.70","        434.15","        427.78","    6387312","          2732350201.10","      90025","    4165949","         65.22"
"TATAMOTORS","EQ","01-Jul-2015","        434.15","        436.75","        447.40","        431.40","        446.00","        444.50","        440.43","    6054910","          2666788765.95","      75239","    2967670","         49.01"
"TATAMOTORS","EQ","02-Jul-2015","        444.50","        445.00","        445.00","        435.00","        435.35","        436.40","        439.62","    4641851","          2040655302.25","      95054","    2360514","         50.85"
"TATAMOTORS","EQ","03-Jul-2015","        436.40","        436.00","        436.00","        430.45","        433.55","        433.15","        433.08","    3709457","          1606482688.45","      58710","    2265339","         61.07"
"TATAMOTORS","EQ","06-Jul-2015","        433.15","        428.00","        433.50","        420.70","        429.80","        431.10","        427.08","    4600687","          1964876501.45","      59799","    2134593","         46.40"
"TATAMOTORS","EQ","07-Jul-2015","        431.10","        434.35","        435.70","        428.00","        431.35","        431.55","        431.54","    5667938","          2445957018.90","      73760","    2826426","         49.87"
"TATAMOTORS","EQ","08-Jul-2015","        431.55","        424.00","        424.00","        400.00","        404.30","        404.95","        408.40","   15521757","          6339076047.75","     254699","    9401401","         60.57"
"TATAMOTORS","EQ","09-Jul-2015","        404.95","        400.15","        403.35","        394.25","        398.25","        397.80","        397.62","    9351601","          3718361780.15","     127925","    5189543","         55.49"
"TATAMOTORS","EQ","10-Jul-2015","        397.80","        400.25","        405.80","        398.05","        401.15","        401.90","        401.50","   13661389","          5485072686.60","     154027","    9702828","         71.02"
"TATAMOTORS","EQ","13-Jul-2015","        401.90","        406.70","        406.70","        397.05","        402.35","        402.10","        402.30","    8047912","          3237649947.80","     105800","    4643499","         57.70"
"TATAMOTORS","EQ","14-Jul-2015","        402.10","        403.50","        403.50","        380.95","        385.05","        385.95","        390.76","   11333562","          4428752443.15","     171725","    5994020","         52.89"
"TATAMOTORS","EQ","15-Jul-2015","        385.95","        387.00","        395.00","        382.60","        394.10","        394.30","        390.22","   15561638","          6072499964.05","     140415","   10374692","         66.67"
"TATAMOTORS","EQ","16-Jul-2015","        394.30","        394.90","        398.65","        392.45","        394.50","        395.25","        395.32","    5199913","          2055624278.35","      95705","    2943796","         56.61"
"TATAMOTORS","EQ","17-Jul-2015","        395.25","        395.95","        403.25","        390.40","        397.00","        398.05","        396.60","    6590110","          2613646127.05","     110324","    3189874","         48.40"
"TATAMOTORS","EQ","20-Jul-2015","        398.05","        399.00","        401.90","        389.30","        390.55","        390.75","        393.38","    5777196","          2272629828.15","     102991","    3432670","         59.42"
"TATAMOTORS","EQ","21-Jul-2015","        390.75","        391.80","        393.30","        386.10","        389.10","        389.10","        389.85","    6461958","          2519173241.10","      63661","    4202255","         65.03"
"TATAMOTORS","EQ","22-Jul-2015","        389.10","        388.00","        392.80","        385.95","        389.00","        389.55","        389.96","    5955109","          2322248619.65","      80913","    3647336","         61.25"
"TATAMOTORS","EQ","23-Jul-2015","        389.55","        388.75","        403.40","        385.00","        402.50","        401.35","        395.58","    9510349","          3762103019.25","     121015","    3534589","         37.17"
"TATAMOTORS","EQ","24-Jul-2015","        401.35","        397.55","        399.35","        389.00","        389.65","        390.25","        394.40","    7059848","          2784406012.80","      88833","    3677729","         52.09"
"TATAMOTORS","EQ","27-Jul-2015","        390.25","        384.25","        385.25","        373.00","        377.25","        377.45","        378.20","    8450904","          3196162184.90","     113307","    4449064","         52.65"
"TATAMOTORS","EQ","28-Jul-2015","        377.45","        373.00","        374.90","        366.10","        370.00","        370.10","        369.60","   10975840","          4056642646.90","     122703","    7288753","         66.41"
"TATAMOTORS","EQ","29-Jul-2015","        370.10","        373.90","        379.95","        372.70","        379.00","        376.45","        375.43","    9532212","          3578648275.90","      86033","    7164626","         75.16"
"TATAMOTORS","EQ","30-Jul-2015","        376.45","        381.65","        382.50","        376.00","        379.00","        377.45","        378.71","    6562559","          2485334615.95","      71589","    4209895","         64.15"
"TATAMOTORS","EQ","31-Jul-2015","        377.45","        380.80","        390.50","        380.05","        384.00","        383.85","        384.71","    6947628","          2672851217.60","      85495","    4207491","         60.56"
"TATAMOTORS","EQ","03-Aug-2015","        383.85","        386.35","        394.40","        382.00","        387.55","        388.20","        390.27","    6647982","          2594500112.70","      82764","    4034617","         60.69"
"TATAMOTORS","EQ","04-Aug-2015","        388.20","        385.90","        387.00","        378.00","        381.15","        380.75","        381.85","    5621275","          2146456910.80","      90701","    3425007","         60.93"
"TATAMOTORS","EQ","05-Aug-2015","        380.75","        378.75","        388.50","        375.10","        376.00","        376.40","        381.57","    8298929","          3166663808.25","      89891","    4358762","         52.52"
"TATAMOTORS","EQ","06-Aug-2015","        376.40","        376.50","        384.70","        373.20","        382.60","        383.10","        379.56","    7976356","          3027531836.35","     106410","    3797992","         47.62"
"TATAMOTORS","EQ","07-Aug-2015","        383.10","        382.40","        396.00","        382.40","        392.75","        393.40","        390.03","   10706804","          4175962593.55","     168792","    4709971","         43.99"
"TATAMOTORS","EQ","10-Aug-2015","        393.40","        384.00","        395.30","        382.10","        383.00","        385.70","        389.21","   14494111","          5641218378.00","     154534","    7078807","         48.84"
"TATAMOTORS","EQ","11-Aug-2015","        385.70","        387.10","        388.00","        367.55","        367.85","        369.15","        375.25","    9984809","          3746749900.15","     127909","    6097255","         61.07"
"TATAMOTORS","EQ","12-Aug-2015","        369.15","        365.00","        365.85","        353.55","        356.40","        355.20","        357.65","   11107801","          3972658131.45","     124365","    7308372","         65.79"
"TATAMOTORS","EQ","13-Aug-2015","        355.20","        356.90","        360.95","        348.00","        350.60","        349.40","        353.15","   11147702","          3936846352.55","      94787","    7132713","         63.98"
"TATAMOTORS","EQ","14-Aug-2015","        349.40","        351.45","        359.75","        345.10","        355.05","        355.25","        352.60","    6400810","          2256935237.40","      84492","    2681008","         41.89"
"TATAMOTORS","EQ","17-Aug-2015","        355.25","        354.40","        362.30","        345.25","        356.00","        356.10","        354.96","    5812093","          2063052970.95","      91436","    2563282","         44.10"
"TATAMOTORS","EQ","18-Aug-2015","        356.10","        355.85","        358.35","        347.70","        348.55","        348.60","        351.97","    5623977","          1979496452.65","      78906","    3082336","         54.81"
"TATAMOTORS","EQ","19-Aug-2015","        348.60","        348.70","        354.90","        344.00","        352.00","        351.25","        351.29","    6435894","          2260886574.15","      71927","    3411842","         53.01"
"TATAMOTORS","EQ","20-Aug-2015","        351.25","        348.00","        349.70","        341.00","        343.00","        342.20","        343.95","    7789676","          2679266212.40","     102937","    5086572","         65.30"
"TATAMOTORS","EQ","21-Aug-2015","        342.20","        339.40","        339.40","        327.75","        332.90","        332.40","        331.09","    8793065","          2911324857.30","     118995","    5571467","         63.36"
"TATAMOTORS","EQ","24-Aug-2015","        332.40","        317.00","        317.00","        301.60","        303.95","        308.25","        311.92","   14753473","          4601922033.25","     145655","    8920403","         60.46"
"TATAMOTORS","EQ","25-Aug-2015","        308.25","        308.00","        331.35","        305.80","        329.50","        328.85","        318.61","   13398318","          4268794380.40","     140973","    7619516","         56.87"
"TATAMOTORS","EQ","26-Aug-2015","        328.85","        322.00","        341.40","        318.25","        331.40","        335.10","        332.64","   13781660","          4584288338.40","     165108","    8002166","         58.06"
"TATAMOTORS","EQ","27-Aug-2015","        335.10","        338.40","        342.55","        327.25","        338.15","        334.05","        335.05","   17224851","          5771195052.80","     227376","    9138707","         53.06"
"TATAMOTORS","EQ","28-Aug-2015","        334.05","        342.00","        342.00","        335.25","        340.60","        340.05","        338.28","    7123909","          2409902676.85","      84220","    3565476","         50.05"
"TATAMOTORS","EQ","31-Aug-2015","        340.05","        340.00","        348.75","        332.45","        340.40","        340.15","        340.01","    7244287","          2463102612.50","     102015","    3696504","         51.03"
"TATAMOTORS","EQ","01-Sep-2015","        340.15","        334.95","        339.35","        325.10","        328.00","        329.90","        333.43","    8606005","          2869463130.85","      98491","    4602652","         53.48"
"TATAMOTORS","EQ","02-Sep-2015","        329.90","        328.85","        332.50","        321.45","        324.00","        324.45","        325.60","    8097313","          2636461439.00","      96861","    4626633","         57.14"
"TATAMOTORS","EQ","03-Sep-2015","        324.45","        326.20","        339.80","        326.20","        331.70","        333.55","        334.54","    8138855","          2722778126.70","      92934","    4268590","         52.45"
"TATAMOTORS","EQ","04-Sep-2015","        333.55","        330.00","        330.80","        316.00","        323.80","        322.90","        321.33","    6592654","          2118450375.00","     112879","    3434839","         52.10"
"TATAMOTORS","EQ","07-Sep-2015","        322.90","        327.80","        333.00","        320.00","        324.00","        322.85","        326.39","    5357928","          1748759910.15","      57871","    1935245","         36.12"
"TATAMOTORS","EQ","08-Sep-2015","        322.85","        326.00","        333.25","        316.30","        331.20","        330.90","        326.34","    6729868","          2196193104.10","     108028","    2636686","         39.18"
"TATAMOTORS","EQ","09-Sep-2015","        330.90","        335.35","        350.70","        333.60","        345.00","        344.90","        342.44","    8833492","          3024920519.45","     121953","    3668050","         41.52"
"TATAMOTORS","EQ","10-Sep-2015","        344.90","        340.05","        356.45","        331.00","        355.00","        354.10","        347.93","    9872906","          3435068315.50","     128538","    3453410","         34.98"
"TATAMOTORS","EQ","11-Sep-2015","        354.10","        354.90","        358.90","        342.25","        343.60","        344.60","        350.08","    8569963","          3000172495.45","     117276","    3039860","         35.47"
"TATAMOTORS","EQ","14-Sep-2015","        344.60","        348.90","        350.90","        342.25","        345.95","        346.80","        347.60","    5480940","          1905158897.00","      67027","    2742508","         50.04"
"TATAMOTORS","EQ","15-Sep-2015","        346.80","        345.95","        345.95","        333.05","        334.35","        334.10","        337.90","    5802405","          1960624036.40","      74753","    2806033","         48.36"
"TATAMOTORS","EQ","16-Sep-2015","        334.10","        337.70","        340.40","        332.50","        337.30","        338.05","        337.41","    5708786","          1926223090.75","      66243","    2303793","         40.36"
"TATAMOTORS","EQ","18-Sep-2015","        338.05","        329.20","        333.80","        326.85","        332.35","        330.25","        330.35","   14893326","          4919961733.85","     133412","    7331785","         49.23"
"TATAMOTORS","EQ","21-Sep-2015","        330.25","        326.85","        334.90","        325.65","        331.65","        331.70","        331.86","    5172386","          1716501737.85","      77445","    2618703","         50.63"
"TATAMOTORS","EQ","22-Sep-2015","        331.70","        332.00","        333.60","        314.00","        315.00","        315.80","        323.55","    7122834","          2304610756.75","      92657","    3485865","         48.94"
"TATAMOTORS","EQ","23-Sep-2015","        315.80","        311.00","        312.55","        306.25","        310.20","        310.30","        310.12","    8954516","          2776975126.80","     137050","    4639183","         51.81"
"TATAMOTORS","EQ","24-Sep-2015","        310.30","        309.70","        312.00","        301.60","        302.45","        303.40","        305.45","   13799813","          4215117588.55","     125506","    9746249","         70.63"
"TATAMOTORS","EQ","28-Sep-2015","        303.40","        304.40","        304.40","        283.50","        284.65","        285.00","        291.97","   13577316","          3964105759.50","     166699","    6592274","         48.55"
"TATAMOTORS","EQ","29-Sep-2015","        285.00","        281.20","        294.80","        279.10","        288.05","        288.75","        285.84","   12304403","          3517094968.35","     167211","    4207831","         34.20"
"TATAMOTORS","EQ","30-Sep-2015","        288.75","        289.25","        299.75","        288.10","        298.00","        298.60","        295.81","   12926187","          3823731279.30","     150933","    6129428","         47.42"
"TATAMOTORS","EQ","01-Oct-2015","        298.60","        301.45","        301.50","        291.50","        296.30","        297.75","        295.81","    7501080","          2218889102.95","     121550","    3210174","         42.80"
"TATAMOTORS","EQ","05-Oct-2015","        297.75","        302.50","        322.10","        302.50","        315.00","        315.15","        315.82","   14527820","          4588143033.15","     197253","    7022454","         48.34"
"TATAMOTORS","EQ","06-Oct-2015","        315.15","        320.55","        334.70","        319.55","        333.25","        333.70","        328.76","   18806867","          6183037486.25","     185755","    9243081","         49.15"
"TATAMOTORS","EQ","07-Oct-2015","        333.70","        333.90","        345.00","        329.00","        342.80","        341.35","        340.27","   17802539","          6057653162.85","     178106","    8188136","         45.99"
"TATAMOTORS","EQ","08-Oct-2015","        341.35","        343.80","        347.30","        341.55","        343.70","        343.25","        343.86","   12085332","          4155718928.20","     149936","    5091652","         42.13"
"TATAMOTORS","EQ","09-Oct-2015","        343.25","        346.20","        359.20","        341.10","        358.25","        356.45","        350.37","   11635790","          4076865694.20","     134386","    3626728","         31.17"
"TATAMOTORS","EQ","12-Oct-2015","        356.45","        356.50","        367.00","        356.40","        363.85","        362.35","        363.06","   10509775","          3815648496.10","     108852","    4448227","         42.32"
"TATAMOTORS","EQ","13-Oct-2015","        362.35","        360.00","        365.25","        355.05","        361.50","        361.10","        359.86","    9969583","          3587678690.35","     100872","    4023258","         40.36"
"TATAMOTORS","EQ","14-Oct-2015","        361.10","        358.75","        360.25","        351.10","        353.55","        352.30","        354.94","    7009418","          2487928242.25","      83779","    3313845","         47.28"
"TATAMOTORS","EQ","15-Oct-2015","        352.30","        355.30","        383.75","        355.30","        380.00","        381.30","        374.29","   19487376","          7293949153.40","     197463","    7456097","         38.26"
"TATAMOTORS","EQ","16-Oct-2015","        381.30","        388.60","        390.95","        380.65","        386.75","        386.20","        386.00","   16497652","          6368044969.85","     151307","    6518409","         39.51"
"TATAMOTORS","EQ","19-Oct-2015","        386.20","        384.00","        384.00","        376.25","        378.85","        378.70","        379.37","    7455714","          2828439065.70","      87246","    2712377","         36.38"
"TATAMOTORS","EQ","20-Oct-2015","        378.70","        379.00","        395.75","        377.40","        382.25","        383.15","        388.06","   15426131","          5986314459.55","     133400","    5818619","         37.72"
"TATAMOTORS","EQ","21-Oct-2015","        383.15","        379.95","        386.40","        378.55","        380.90","        381.45","        382.70","    8720671","          3337432024.70","      78688","    3308046","         37.93"
"TATAMOTORS","EQ","23-Oct-2015","        381.45","        383.90","        388.80","        382.00","        382.60","        383.00","        384.83","    6744440","          2595463672.95","      66641","    2593881","         38.46"
"TATAMOTORS","EQ","26-Oct-2015","        383.00","        386.45","        389.90","        383.25","        384.05","        384.60","        385.88","    5064657","          1954346793.40","      86651","    2287166","         45.16"
"TATAMOTORS","EQ","27-Oct-2015","        384.60","        383.00","        386.95","        382.20","        383.60","        383.35","        384.64","    4423221","          1701338805.90","      48050","    1936397","         43.78"
"TATAMOTORS","EQ","28-Oct-2015","        383.35","        382.80","        390.75","        382.20","        387.00","        386.30","        385.79","    8018683","          3093490877.50","      66362","    3217054","         40.12"
"TATAMOTORS","EQ","29-Oct-2015","        386.30","        388.95","        396.80","        384.25","        388.40","        391.20","        391.76","   15381516","          6025849686.00","     122945","    8074016","         52.49"
"TATAMOTORS","EQ","30-Oct-2015","        391.20","        389.75","        390.80","        383.50","        384.80","        384.95","        386.86","    6651831","          2573297160.60","      63761","    2584556","         38.85"
"TATAMOTORS","EQ","02-Nov-2015","        384.95","        386.10","        392.05","        384.40","        388.50","        387.95","        389.37","    7511675","          2924834938.85","      67183","    3030603","         40.35"
"TATAMOTORS","EQ","03-Nov-2015","        387.95","        391.25","        391.25","        380.80","        382.30","        382.05","        385.08","    5887746","          2267226112.45","     102547","    2569915","         43.65"
"TATAMOTORS","EQ","04-Nov-2015","        382.05","        390.05","        407.25","        390.05","        406.60","        404.85","        403.13","   13985828","          5638163558.85","     186069","    5251497","         37.55"
"TATAMOTORS","EQ","05-Nov-2015","        404.85","        403.60","        412.80","        401.45","        404.00","        404.00","        406.92","   12912937","          5254484996.00","     116398","    6347889","         49.16"
"TATAMOTORS","EQ","06-Nov-2015","        404.00","        399.90","        404.40","        392.50","        394.15","        396.15","        398.31","   11016134","          4387889950.95","     214285","    5364542","         48.70"
"TATAMOTORS","EQ","09-Nov-2015","        396.15","        374.00","        413.50","        373.05","        412.00","        411.75","        402.34","   22128119","          8903014580.05","     238949","    8808945","         39.81"
"TATAMOTORS","EQ","10-Nov-2015","        411.75","        408.00","        417.40","        402.70","        405.50","        407.45","        412.22","   12654616","          5216456607.00","     141129","    5605123","         44.29"
"TATAMOTORS","EQ","11-Nov-2015","        407.45","        408.75","        414.00","        408.05","        411.25","        411.30","        411.48","    1164924","           479338278.25","      14197","     292864","         25.14"
"TATAMOTORS","EQ","13-Nov-2015","        411.30","        411.35","        417.50","        401.80","        403.65","        403.95","        407.25","   11007237","          4482658200.00","     115758","    5354113","         48.64"
"TATAMOTORS","EQ","16-Nov-2015","        403.95","        401.00","        404.85","        394.20","        399.75","        400.25","        399.33","    7673487","          3064245433.75","      98741","    3674597","         47.89"
"TATAMOTORS","EQ","17-Nov-2015","        400.25","        403.00","        410.70","        398.55","        408.00","        407.50","        405.61","    6063987","          2459619830.45","      67726","    2377907","         39.21"
"TATAMOTORS","EQ","18-Nov-2015","        407.50","        407.95","        413.50","        403.25","        406.30","        406.25","        409.05","    6960097","          2847025895.35","      80558","    3320128","         47.70"
"TATAMOTORS","EQ","19-Nov-2015","        406.25","        409.90","        409.90","        403.50","        407.30","        406.95","        407.09","    5645524","          2298254655.95","      59726","    2638602","         46.74"
"TATAMOTORS","EQ","20-Nov-2015","        406.95","        408.50","        410.70","        401.35","        404.25","        402.85","        406.04","    5420173","          2200801013.60","      77221","    2531889","         46.71"
"TATAMOTORS","EQ","23-Nov-2015","        402.85","        400.35","        404.40","        396.50","        402.50","        402.10","        400.89","    4658448","          1867519457.45","      79143","    1785183","         38.32"
"TATAMOTORS","EQ","24-Nov-2015","        402.10","        399.10","        406.50","        397.05","        401.90","        400.95","        401.13","    5624579","          2256203484.30","      63248","    2262333","         40.22"
"TATAMOTORS","EQ","26-Nov-2015","        400.95","        404.75","        426.45","        404.00","        422.00","        424.40","        417.36","   15070353","          6289812299.15","     158456","    6829616","         45.32"
"TATAMOTORS","EQ","27-Nov-2015","        424.40","        425.55","        431.90","        416.45","        418.00","        417.65","        424.73","    9720127","          4128419248.65","     135398","    3904938","         40.17"
"TATAMOTORS","EQ","30-Nov-2015","        417.65","        419.90","        429.60","        418.00","        423.50","        423.25","        424.46","    9901753","          4202924953.70","      96546","    5838735","         58.97"
"TATAMOTORS","EQ","01-Dec-2015","        423.25","        427.00","        427.00","        416.10","        418.00","        417.35","        420.43","    6402692","          2691864633.90","      75878","    2689575","         42.01"
"TATAMOTORS","EQ","02-Dec-2015","        417.35","        415.90","        418.90","        410.30","        411.55","        413.15","        415.22","    6543300","          2716922774.85","      77112","    3010779","         46.01"
"TATAMOTORS","EQ","03-Dec-2015","        413.15","        408.70","        411.90","        404.25","        406.00","        405.60","        407.37","    5999323","          2443953153.90","      93015","    2932583","         48.88"
"TATAMOTORS","EQ","04-Dec-2015","        405.60","        402.50","        411.50","        398.70","        400.70","        399.95","        404.69","    8477407","          3430720147.75","     115514","    3945559","         46.54"
"TATAMOTORS","EQ","07-Dec-2015","        399.95","        402.90","        403.00","        395.30","        398.20","        399.15","        398.79","    6156323","          2455080932.50","      95948","    3086792","         50.14"
"TATAMOTORS","EQ","08-Dec-2015","        399.15","        396.95","        406.95","        396.10","        401.85","        402.40","        404.24","    7851653","          3173984392.80","     122214","    3616964","         46.07"
"TATAMOTORS","EQ","09-Dec-2015","        402.40","        402.80","        405.00","        392.75","        394.15","        393.95","        397.46","    6103583","          2425952214.00","     106533","    2633738","         43.15"
"TATAMOTORS","EQ","10-Dec-2015","        393.95","        401.20","        401.20","        385.25","        389.00","        389.60","        390.35","   10684178","          4170532645.90","     122282","    5552251","         51.97"
"TATAMOTORS","EQ","11-Dec-2015","        389.60","        390.90","        392.65","        375.30","        379.00","        377.95","        383.11","    6537672","          2504674161.30","     100176","    2509906","         38.39"
"TATAMOTORS","EQ","14-Dec-2015","        377.95","        369.75","        373.50","        360.50","        372.00","        371.60","        368.30","   12682481","          4670899269.55","     176095","    5573884","         43.95"
"TATAMOTORS","EQ","15-Dec-2015","        371.60","        371.25","        380.95","        365.50","        379.10","        379.50","        373.66","    7717531","          2883704753.80","     128713","    2875603","         37.26"
"TATAMOTORS","EQ","16-Dec-2015","        379.50","        375.90","        385.00","        372.85","        380.15","        380.45","        380.44","   11874858","          4517691708.70","     154644","    5175493","         43.58"
"TATAMOTORS","EQ","17-Dec-2015","        380.45","        385.00","        387.00","        376.05","        382.15","        382.95","        381.47","    7604665","          2900989217.70","     113765","    3846414","         50.58"
"TATAMOTORS","EQ","18-Dec-2015","        382.95","        381.90","        384.80","        376.80","        379.00","        378.25","        381.15","    6454322","          2460061168.75","      58746","    3637892","         56.36"
"TATAMOTORS","EQ","21-Dec-2015","        378.25","        379.10","        382.55","        377.50","        380.15","        380.15","        379.46","    4015631","          1523780830.85","      86385","    1756755","         43.75"
"TATAMOTORS","EQ","22-Dec-2015","        380.15","        380.90","        382.80","        377.20","        377.55","        378.10","        380.16","    3802024","          1445366575.60","      62799","    2001517","         52.64"
"TATAMOTORS","EQ","23-Dec-2015","        378.10","        379.90","        380.85","        377.50","        378.70","        378.45","        379.05","    3953766","          1498656678.90","      46213","    2118429","         53.58"
"TATAMOTORS","EQ","24-Dec-2015","        378.45","        380.90","        384.75","        377.60","        382.35","        382.40","        382.39","    4568751","          1747067022.75","      46098","    1932757","         42.30"
"TATAMOTORS","EQ","28-Dec-2015","        382.40","        384.90","        395.00","        383.75","        394.85","        394.00","        391.54","    7166351","          2805898239.40","      67548","    4041258","         56.39"
"TATAMOTORS","EQ","29-Dec-2015","        394.00","        392.90","        397.50","        388.75","        390.70","        391.85","        392.95","    7359611","          2891966153.60","      94528","    4322175","         58.73"
"TATAMOTORS","EQ","30-Dec-2015","        391.85","        392.00","        395.00","        390.50","        394.00","        393.45","        393.11","    4866177","          1912943149.50","      64431","    2773240","         56.99"
"TATAMOTORS","EQ","31-Dec-2015","        393.45","        394.00","        395.75","        389.15","        391.60","        391.30","        391.85","    6410622","          2511996476.70","      50250","    3438509","         53.64"
"TATAMOTORS","EQ","01-Jan-2016","        391.30","        392.50","        403.00","        373.00","        401.80","        401.90","        398.24","    4377363","          1743245783.55","      44132","     808972","         18.48"
"TATAMOTORS","EQ","04-Jan-2016","        401.90","        400.00","        400.10","        375.05","        376.15","        377.05","        383.74","    7822660","          3001899664.45","      98407","    2984181","         38.15"
"TATAMOTORS","EQ","05-Jan-2016","        377.05","        381.05","        382.45","        372.10","        373.00","        374.45","        377.36","    6901068","          2604167529.10","      85155","    3112289","         45.10"
"TATAMOTORS","EQ","06-Jan-2016","        374.45","        374.25","        375.50","        364.60","        365.00","        365.90","        370.04","    7211230","          2668409641.05","      94107","    3295244","         45.70"
"TATAMOTORS","EQ","07-Jan-2016","        365.90","        356.25","        358.00","        338.10","        344.80","        343.55","        347.83","   11782307","          4098190192.85","     151305","    5176531","         43.93"
"TATAMOTORS","EQ","08-Jan-2016","        343.55","        345.60","        355.85","        345.60","        353.90","        353.35","        351.97","    8770370","          3086909728.70","      94306","    3773447","         43.02"
"TATAMOTORS","EQ","11-Jan-2016","        353.35","        343.90","        364.75","        341.65","        360.45","        360.20","        357.29","   10576721","          3778927411.95","     102634","    3259763","         30.82"
"TATAMOTORS","EQ","12-Jan-2016","        360.20","        362.70","        363.95","        351.60","        355.40","        355.00","        356.36","    8363062","          2980240755.55","      93086","    3526752","         42.17"
"TATAMOTORS","EQ","13-Jan-2016","        355.00","        360.45","        369.80","        356.30","        363.00","        364.60","        362.64","   14191511","          5146417256.60","     143638","    5437338","         38.31"
"TATAMOTORS","EQ","14-Jan-2016","        364.60","        356.10","        359.40","        346.80","        353.80","        354.30","        353.04","   10673343","          3768066472.70","     124785","    4491368","         42.08"
"TATAMOTORS","EQ","15-Jan-2016","        354.30","        353.90","        353.90","        339.35","        340.70","        341.30","        347.35","    6557584","          2277785214.85","      63497","    2823439","         43.06"
"TATAMOTORS","EQ","18-Jan-2016","        341.30","        341.00","        343.30","        334.40","        340.50","        340.20","        339.29","    6285144","          2132457170.60","      67853","    2753872","         43.82"
"TATAMOTORS","EQ","19-Jan-2016","        340.20","        343.00","        357.20","        342.00","        354.25","        354.15","        351.19","    7304555","          2565279292.60","      77450","    3227936","         44.19"
"TATAMOTORS","EQ","20-Jan-2016","        354.15","        349.65","        349.65","        338.80","        341.90","        342.25","        343.31","    9156596","          3143593476.70","      94482","    5621987","         61.40"
"TATAMOTORS","EQ","21-Jan-2016","        342.25","        340.65","        344.15","        323.00","        327.60","        328.55","        330.92","   16524035","          5468131177.90","     149035","    7548745","         45.68"
"TATAMOTORS","EQ","22-Jan-2016","        328.55","        335.50","        345.90","        331.50","        339.65","        339.50","        338.81","    9595392","          3251057157.20","     102494","    4568348","         47.61"
"TATAMOTORS","EQ","25-Jan-2016","        339.50","        345.50","        345.50","        331.15","        333.60","        332.60","        338.90","    6106931","          2069632852.25","      88259","    1994627","         32.66"
"TATAMOTORS","EQ","27-Jan-2016","        332.60","        338.00","        341.00","        333.20","        336.90","        337.05","        337.70","    8333202","          2814138079.75","      79518","    4504083","         54.05"
"TATAMOTORS","EQ","28-Jan-2016","        337.05","        336.30","        341.40","        332.30","        333.85","        334.20","        335.31","   13153617","          4410479188.20","      87267","    9295172","         70.67"
"TATAMOTORS","EQ","29-Jan-2016","        334.20","        332.00","        340.60","        324.20","        336.90","        336.90","        334.46","   10350998","          3462041237.50","     110669","    4476713","         43.25"
"TATAMOTORS","EQ","01-Feb-2016","        336.90","        338.75","        342.40","        332.25","        335.25","        338.50","        337.69","    6563774","          2216535914.35","      69594","    2380197","         36.26"
"TATAMOTORS","EQ","02-Feb-2016","        338.50","        343.80","        344.70","        327.70","        329.00","        329.55","        336.62","    9179304","          3089960402.75","     111160","    3940454","         42.93"
"TATAMOTORS","EQ","03-Feb-2016","        329.55","        325.55","        325.95","        317.05","        320.95","        320.30","        321.17","    6685445","          2147138625.65","      93400","    2785258","         41.66"
"TATAMOTORS","EQ","04-Feb-2016","        320.30","        325.30","        329.30","        321.20","        327.05","        325.50","        325.79","    6086981","          1983074734.30","      91156","    2852224","         46.86"
"TATAMOTORS","EQ","05-Feb-2016","        325.50","        330.50","        339.00","        326.65","        336.70","        337.10","        333.64","    9236577","          3081712197.10","     123929","    4202863","         45.50"
"TATAMOTORS","EQ","08-Feb-2016","        337.10","        334.95","        334.95","        321.35","        322.45","        323.50","        328.82","    6974342","          2293290572.30","      85772","    2580745","         37.00"
"TATAMOTORS","EQ","09-Feb-2016","        323.50","        319.50","        322.65","        308.80","        311.05","        310.65","        315.09","   12489713","          3935422389.55","     186452","    6600591","         52.85"
"TATAMOTORS","EQ","10-Feb-2016","        310.65","        309.85","        309.95","        288.25","        288.70","        291.55","        296.13","   21756193","          6442687119.75","     213764","   12826325","         58.95"
"TATAMOTORS","EQ","11-Feb-2016","        291.55","        298.50","        300.00","        265.80","        271.30","        276.35","        286.23","   21632886","          6191986128.65","     183602","    9108237","         42.10"
"TATAMOTORS","EQ","12-Feb-2016","        276.35","        281.00","        303.95","        271.60","        296.05","        298.35","        289.45","   21542152","          6235428493.55","     232099","    9147888","         42.47"
"TATAMOTORS","EQ","15-Feb-2016","        298.35","        297.90","        320.75","        297.70","        316.05","        317.25","        312.33","   18888699","          5899487907.15","     207165","   10997041","         58.22"
"TATAMOTORS","EQ","16-Feb-2016","        317.25","        319.40","        324.20","        298.90","        301.80","        301.15","        312.46","   13598374","          4248887884.95","     151955","    5530850","         40.67"
"TATAMOTORS","EQ","17-Feb-2016","        301.15","        302.95","        313.50","        298.65","        312.10","        310.15","        305.90","   13717526","          4196137895.80","     126449","    5370382","         39.15"
"TATAMOTORS","EQ","18-Feb-2016","        310.15","        315.15","        319.10","        306.20","        312.15","        314.00","        313.86","   12498247","          3922759418.45","     194648","    6591777","         52.74"
"TATAMOTORS","EQ","19-Feb-2016","        314.00","        312.10","        320.00","        311.10","        318.05","        318.20","        315.54","    7706462","          2431659393.65","      89924","    3068348","         39.82"
"TATAMOTORS","EQ","22-Feb-2016","        318.20","        320.00","        324.20","        313.60","        319.80","        318.85","        318.05","    8699779","          2766945427.10","     110227","    4182046","         48.07"
"TATAMOTORS","EQ","23-Feb-2016","        318.85","        324.00","        324.75","        314.45","        317.50","        318.55","        318.20","   11635881","          3702513927.05","     125251","    6021594","         51.75"
"TATAMOTORS","EQ","24-Feb-2016","        318.55","        316.00","        316.00","        304.75","        306.55","        306.30","        309.19","    7629905","          2359103428.95","      96807","    2557679","         33.52"
"TATAMOTORS","EQ","25-Feb-2016","        306.30","        309.80","        312.20","        296.20","        299.70","        298.20","        303.10","   12959812","          3928138651.40","     107446","    7285465","         56.22"
"TATAMOTORS","EQ","26-Feb-2016","        298.20","        303.20","        305.20","        297.60","        302.25","        301.80","        301.28","    9181680","          2766223509.70","      77802","    4339651","         47.26"
"TATAMOTORS","EQ","29-Feb-2016","        301.80","        303.20","        305.75","        290.25","        300.00","        299.70","        300.18","   12607181","          3784469911.95","     117824","    6129432","         48.62"
"TATAMOTORS","EQ","01-Mar-2016","        299.70","        301.10","        317.00","        301.10","        315.00","        315.35","        309.66","   11440045","          3542502719.25","     121563","    5551778","         48.53"
"TATAMOTORS","EQ","02-Mar-2016","        315.35","        322.90","        326.00","        314.35","        316.55","        317.10","        320.81","   12418149","          3983874902.80","     149616","    6010220","         48.40"
"TATAMOTORS","EQ","03-Mar-2016","        317.10","        324.50","        339.80","        321.50","        337.00","        336.70","        331.85","   12844057","          4262265334.00","     156733","    4158977","         32.38"
"TATAMOTORS","EQ","04-Mar-2016","        336.70","        340.15","        348.75","        338.65","        343.45","        343.50","        344.20","    8197520","          2821562337.85","     112411","    3031169","         36.98"
"TATAMOTORS","EQ","08-Mar-2016","        343.50","        346.50","        353.75","        341.50","        345.50","        346.05","        347.53","    7888999","          2741665867.10","      89966","    2904709","         36.82"
"TATAMOTORS","EQ","09-Mar-2016","        346.05","        339.90","        349.00","        336.00","        347.75","        347.70","        343.33","    6383925","          2191801852.40","      79926","    1525762","         23.90"
"TATAMOTORS","EQ","10-Mar-2016","        347.70","        347.00","        353.60","        341.40","        348.20","        348.50","        347.80","    7443048","          2588712313.35","      75453","    2537750","         34.10"
"TATAMOTORS","EQ","11-Mar-2016","        348.50","        348.50","        355.90","        345.15","        353.35","        354.25","        350.40","    7641330","          2677532365.50","      95835","    2879263","         37.68"
"TATAMOTORS","EQ","14-Mar-2016","        354.25","        359.90","        370.55","        358.95","        365.50","        366.45","        366.41","   13066837","          4787830891.75","     125898","    6646510","         50.87"
"TATAMOTORS","EQ","15-Mar-2016","        366.45","        366.90","        370.70","        359.55","        361.20","        360.40","        363.79","    9800731","          3565450813.70","     105988","    4699568","         47.95"
"TATAMOTORS","EQ","16-Mar-2016","        360.40","        359.95","        362.75","        353.30","        362.00","        359.55","        357.53","    7554537","          2700966415.50","      86141","    2731421","         36.16"
"TATAMOTORS","EQ","17-Mar-2016","        359.55","        366.90","        367.40","        358.60","        359.50","        360.90","        363.54","    6914296","          2513595483.20","      80395","    2955027","         42.74"
"TATAMOTORS","EQ","18-Mar-2016","        360.90","        362.50","        367.80","        362.50","        366.05","        366.05","        365.33","    6594019","          2409004384.70","      69743","    3297022","         50.00"
"TATAMOTORS","EQ","21-Mar-2016","        366.05","        367.25","        375.50","        365.75","        374.85","        374.70","        371.35","    9325793","          3463154601.40","     124058","    4413449","         47.33"
"TATAMOTORS","EQ","22-Mar-2016","        374.70","        376.95","        381.50","        370.40","        376.00","        377.20","        376.28","    8909026","          3352319119.95","     128918","    3692806","         41.45"
"TATAMOTORS","EQ","23-Mar-2016","        377.20","        378.00","        379.45","        374.05","        376.00","        377.00","        376.74","    5766182","          2172356144.85","      98825","    2588400","         44.89"
"TATAMOTORS","EQ","28-Mar-2016","        377.00","        375.50","        375.50","        361.50","        364.00","        363.30","        368.20","    8062793","          2968744549.55","      76005","    4612997","         57.21"
"TATAMOTORS","EQ","29-Mar-2016","        363.30","        364.00","        378.95","        363.05","        371.65","        372.45","        372.03","    9364810","          3484029966.40","     115670","    3488485","         37.25"
"TATAMOTORS","EQ","30-Mar-2016","        372.45","        380.50","        391.50","        376.80","        391.10","        388.60","        383.25","   10295891","          3945907239.95","     126689","    5171400","         50.23"
"TATAMOTORS","EQ","31-Mar-2016","        388.60","        387.90","        393.60","        380.50","        388.70","        386.60","        387.94","   10738707","          4165952832.60","     115837","    5203246","         48.45"
"TATAMOTORS","EQ","01-Apr-2016","        386.60","        386.40","        386.40","        377.70","        380.15","        379.65","        380.66","    5683771","          2163561151.65","      62111","    2108467","         37.10"
